document_id,country,file_name,relative_path,sha256,size_bytes,status,document_type,source_verified
ZA_AFRICA-DO-,África do Sul,africa-do-sul_caps_computer-applications-technology_grades-10-12.pdf,africa-do-sul/africa-do-sul_caps_computer-applications-technology_grades-10-12.pdf,ffe79d3f9b8debec06fad7be90e2942b8f8836eaae7412e68595055c64e28dc6,1439038,available,document,false
ZA_AFRICA-DO-,África do Sul,africa-do-sul_caps_information-technology_grades-10-12.pdf,africa-do-sul/africa-do-sul_caps_information-technology_grades-10-12.pdf,207a99fd0f1d8bda869743e0c1c6d7c8dafea6c59e9470f9a58b979ecc7796e0,1541692,available,document,false
AU_AUSTRALIA_,Austrália,australia_digital-technologies-v9_sequence-achievement_2022.pdf,australia/australia_digital-technologies-v9_sequence-achievement_2022.pdf,b61d8ac8880ebc56554e487f5f13aa0578372574337cbfa76c6789c13fa9be91,114157,available,digital_education,false
AU_AUSTRALIA_,Austrália,australia_digital-technologies-v9_sequence-content_2022.pdf,australia/australia_digital-technologies-v9_sequence-content_2022.pdf,3469c2340cdd64bdd728313e586fc874328592671e85ac47f915a46863f01a8e,139289,available,digital_education,false
BR_BRASIL_BNC,Brasil,brasil_bncc-computacao_anexo-parecer-cneceb-2_2022.pdf,brasil/brasil_bncc-computacao_anexo-parecer-cneceb-2_2022.pdf,b0f021db3c7c2c042b821cec5fab7d77ed1888dbb61590461ce2afef404865b7,1426596,available,curricular_base,false
BR_BRASIL_BNC,Brasil,brasil_bncc-computacao_complemento-bncc_2022.pdf,brasil/brasil_bncc-computacao_complemento-bncc_2022.pdf,60aab0b192acf867bc582dc06678cd8f3bc597e8f1b65256fc7bf04190bb793d,1426590,available,curricular_base,false
BR_BRASIL_BNC,Brasil,brasil_bncc_educacao-basica_completa_2018.pdf,brasil/brasil_bncc_educacao-basica_completa_2018.pdf,ad623d7b33986a4e87e1441a4e675064cd30db3650b86a75caefa476e802272b,3058960,available,curricular_base,false
BR_BRASIL_BNC,Brasil,brasil_bncc_educacao-infantil-ensino-fundamental_2018.pdf,brasil/brasil_bncc_educacao-infantil-ensino-fundamental_2018.pdf,ad623d7b33986a4e87e1441a4e675064cd30db3650b86a75caefa476e802272b,3058960,available,curricular_base,false
BR_BRASIL_CIE,Brasil,brasil_cieb-itinerario-formativo-tecnologia-computacao_2021.pdf,brasil/brasil_cieb-itinerario-formativo-tecnologia-computacao_2021.pdf,d31ab6099b10988af6591a31504e25ee6e350cc670891af40798b773d443d2d8,1927573,available,digital_education,false
BR_BRASIL_CUR,Brasil,brasil_curriculo-referencia-tecnologia-computacao-cieb_2018.pdf,brasil/brasil_curriculo-referencia-tecnologia-computacao-cieb_2018.pdf,7f2517b8f7512ca83a2a525c1e130fe733a74f4e804da9a297ff5aa72f892764,948770,available,curriculum,false
BR_BRASIL_GUI,Brasil,brasil_guia-complemento-computacao-bncc_2023.pdf,brasil/brasil_guia-complemento-computacao-bncc_2023.pdf,7383d84714ec10f2fed2fdd15c0d894dfeec85b5480b60061a50d303eb565feb,192742,available,curricular_base,false
BR_BRASIL_GUI,Brasil,brasil_guia-educacao-digital-midiatica_2025.pdf,brasil/brasil_guia-educacao-digital-midiatica_2025.pdf,5dc417560d7bd687e8320a0bcd26da700e04c58e7ed29f4e24294742663b9b5d,1109949,available,digital_education,false
BR_BRASIL_LDB,Brasil,brasil_ldb-lei-9394_compilada_1996-atualizada.pdf,brasil/brasil_ldb-lei-9394_compilada_1996-atualizada.pdf,ce737c7560efb29e27421f1daad04988be4b80cc463bd4d44995e0cc0880ffd7,959237,available,document,false
BR_BRASIL_MAT,Brasil,brasil_matriz-saberes-digitais-docentes_2024.pdf,brasil/brasil_matriz-saberes-digitais-docentes_2024.pdf,4f824a4529e6938a9b84c40953b28339d035b0fc91b8f3ba64108c5947323144,1011072,available,document,false
BR_BRASIL_NOT,Brasil,brasil_nota-tecnica-cieb-27_competencias-digitais-professores_2025.pdf,brasil/brasil_nota-tecnica-cieb-27_competencias-digitais-professores_2025.pdf,1b9267b07082a1d65e4aa2a45b545b0bde2df7c445a1e8cf685fcdfc9f1bc745,3011388,available,competence_framework,false
BR_BRASIL_PAR,Brasil,brasil_parecer-cne-ceb-2_bncc-computacao_2022.pdf,brasil/brasil_parecer-cne-ceb-2_bncc-computacao_2022.pdf,03fa6616e7b92b9f382b3c4177acce23b49b6fe8e2d787fc86326908179fa144,617783,available,curricular_base,false
BR_BRASIL_PAR,Brasil,brasil_parecer-cne-cp-15_bncc_2017.pdf,brasil/brasil_parecer-cne-cp-15_bncc_2017.pdf,f60aeea416bfb36caebe4509fed5ddf27393224b2f08d25696d96762b5ce8b60,1226157,available,curricular_base,false
BR_BRASIL_PAR,Brasil,brasil_parecer-cne-cp-7_bncc_2022.pdf,brasil/brasil_parecer-cne-cp-7_bncc_2022.pdf,13db081f394177e96d1f41d9ed9cd0dc340999dbd329d7ade5dd41f68704e4e6,345353,available,curricular_base,false
BR_BRASIL_POL,Brasil,brasil_politica-nacional-educacao-digital-lei-14533_2023.pdf,brasil/brasil_politica-nacional-educacao-digital-lei-14533_2023.pdf,edb05414bdeafe304877565cb2ad26e29a8a66ae4953132109ca388133238b0e,230336,available,digital_education,false
BR_BRASIL_REF,Brasil,brasil_referencial-saberes-digitais-docentes_2024.pdf,brasil/brasil_referencial-saberes-digitais-docentes_2024.pdf,4f824a4529e6938a9b84c40953b28339d035b0fc91b8f3ba64108c5947323144,1011072,available,document,false
BR_BRASIL_RES,Brasil,brasil_resolucao-cne-ceb-1_bncc-computacao_2022.pdf,brasil/brasil_resolucao-cne-ceb-1_bncc-computacao_2022.pdf,cdf24bb1b5e7adf2f45e5e17da4cedb1a1d4fcd7a51b9daee0f5de0d3c11c39f,56344,available,curricular_base,false
BR_BRASIL_RES,Brasil,brasil_resolucao-cne-ceb-2_diretrizes-dispositivos-digitais-educacao-digital-midiatica_2025.pdf,brasil/brasil_resolucao-cne-ceb-2_diretrizes-dispositivos-digitais-educacao-digital-midiatica_2025.pdf,0a3c1a814db467880f9eca6c3f2d4efa9e61d3e71b5f86aa9ef5f3413f04d76e,166156,available,digital_education,false
BR_BRASIL_RES,Brasil,brasil_resolucao-cne-cp-2_bncc_2017.pdf,brasil/brasil_resolucao-cne-cp-2_bncc_2017.pdf,c8efab8f95341275027112d9244ceec8d49976682fb9d6f667842daa7faecae3,202550,available,curricular_base,false
BR_BRASIL_RES,Brasil,brasil_restricao-celulares-escolas-lei-15010_2025.pdf,brasil/brasil_restricao-celulares-escolas-lei-15010_2025.pdf,6dd62eda629780f3fd51466865a94cc7e9ea34794acab3f23539d2c275473583,64955,available,document,false
CA_CANADA_ALB,Canadá,canada_alberta_draft-k6-science-update_2022.pdf,canada/canada_alberta_draft-k6-science-update_2022.pdf,87f0d546175b99e8874c941997b6fdaca13fcf75316546ecc63d68402a7b6f64,1003250,available,document,false
CA_CANADA_ALB,Canadá,canada_alberta_k6-science-curriculum-computer-science_2023.pdf,canada/canada_alberta_k6-science-curriculum-computer-science_2023.pdf,dfa49d822cc57ca254e51ee5ad3e4f227ae06cb6af52712cd24e7271fc87a2a0,515494,available,curriculum,false
CA_CANADA_ONT,Canadá,canada_ontario_digital-action-plan.pdf,canada/canada_ontario_digital-action-plan.pdf,b2b37911fb043797d22540aa50c533d83add843ef77ac3f34481eb962001ea47,975451,available,digital_education,false
CA_CANADA_ONT,Canadá,canada_ontario_ministry-education-published-plan_2023-2024.html,canada/canada_ontario_ministry-education-published-plan_2023-2024.html,180581579a62706284ef18e6f64e7a9364ad4db0a4cb36420d8c99826492b104,170065,available,document,true
CL_ARTICLES-1,Chile,articles-140146_programa_feb_2021_final_s_disegno.pdf,chile/articles-140146_programa_feb_2021_final_s_disegno.pdf,03735fd28431310f1666a7c92c93bf3d600af0f89b815a00910c0e5a09a098a4,9593156,available,document,false
CL_ARTICLES-3,Chile,articles-37136_bases.pdf,chile/articles-37136_bases.pdf,2c3f13f251c7d6f349cb1b73c379592da2bcf1f550cec3380132eb4ea887109f,4493095,available,document,false
CL_ARTICLES-9,Chile,articles-91414_bases.pdf,chile/articles-91414_bases.pdf,88c085fbbbad5833f90ca88bc2daefb3251fe5507903edbe9e4b966614c7aab4,2228417,available,document,false
CL_DS_PO_3_20,Chile,ds_po_3_2025_tiskarna-66-82.pdf,chile/ds_po_3_2025_tiskarna-66-82.pdf,b3593a69a6a8cf27e28c46200c21622254b1a6d12819652e99bf115fb0a2b96f,3906460,available,document,false
CL_RECURSO_2_,Chile,recurso_2_rota do pensamento computacional.pdf,chile/recurso_2_rota do pensamento computacional.pdf,71535dbb65ea3b922a4e503ff3b264e61c322e3bd24ddef630afcd9f2623facf,1163494,available,document,false
CH_CHINA_COMP,China,china_compulsory_education_curriculum_plan_2022.pdf,china/china_compulsory_education_curriculum_plan_2022.pdf,976efdf360bf6a28156f5b232aec48566104726ae2617c379cf4cdb4b60aef73,3974530,available,curriculum,true
CH_CHINA_INFO,China,china_information_technology_curriculum_standard_2022.pdf,china/china_information_technology_curriculum_standard_2022.pdf,065f9df22d35da8813508c23782c7853dab3c54e34f552a627f8dd1698fa1e01,15793942,available,curriculum,false
KR_COREIA-DO-,Coreia do Sul,coreia-do-sul_keris-white-paper-software-education_2018.pdf,coreia-do-sul/coreia-do-sul_keris-white-paper-software-education_2018.pdf,dff62d3beaeac8b1c3e9131454b64fb0fa2fd28c52ce7ff2b049f69ddbcb3a8c,13629143,available,document,true
ES_ESTONIA_IN,Estonia,estonia_informatics_appendix_10_2023.pdf,estonia/estonia_informatics_appendix_10_2023.pdf,e017a6372e1716cd6b021d46a8ede33704d82643f435983cc97afe3e1d8028e5,288273,available,document,false
ES_ESTONIA_NA,Estonia,estonia_national_curriculum_basic_schools_2026.pdf,estonia/estonia_national_curriculum_basic_schools_2026.pdf,7e07c3deb7fae0615e68e4401765eeb58f6e80f5beab8a2ee294079e5b61eef4,168607,available,curriculum,false
US_EUA_K12-CO,Estados Unidos,eua_k12-computer-science-framework_2016.pdf,eua/eua_k12-computer-science-framework_2016.pdf,a061a0d21a102d5780582935c44ad166257c2561dc8489be27649a0bc47741f8,9543267,available,document,false
FI_FINLANDIA_,Finlândia,finlandia_new-national-core-curriculum-basic-education_2016.pdf,finlandia/finlandia_new-national-core-curriculum-basic-education_2016.pdf,35099db8a0e85b8267379ac4813e7ef0c1d9bb64c33a8bccf10658af3ff5f71f,50051,available,curriculum,true
GH_GANA_COMPU,Gana,gana_computing-common-core-programme-curriculum_2023.pdf,gana/gana_computing-common-core-programme-curriculum_2023.pdf,4d157e4ed4acf74879a0b8f7378319221ee639f42ce0d3b5eb820029210253fe,1259162,available,curriculum,false
GH_GANA_COMPU,Gana,gana_computing-primary-b4-b6_2019.pdf,gana/gana_computing-primary-b4-b6_2019.pdf,d622739de46fdc138508aa82b56a196453581677cd653bcab5f4b3723eb1ecca,1011998,available,document,false
HK_HONG-KONG_,Hong Kong,hong-kong_general-studies-curriculum-guide_coding-stem_2017.pdf,hong-kong/hong-kong_general-studies-curriculum-guide_coding-stem_2017.pdf,d35f75d894abb08f748952dde99364bed40e7ac4a1f23c43b0eefc85828deb18,3770166,available,curriculum,false
HK_HONG-KONG_,Hong Kong,hong-kong_ict-curriculum-and-assessment-guide_2017.pdf,hong-kong/hong-kong_ict-curriculum-and-assessment-guide_2017.pdf,1223f75af8fa9b2534d64971ab886fd02e1acff5f2418d33d9877450b4957a92,2163779,available,curriculum,false
IE_IRLANDA_CO,Irlanda,irlanda_computer-science-curriculum-specification_2018.pdf,irlanda/irlanda_computer-science-curriculum-specification_2018.pdf,53d7cac7bb650bae819ecbf928e97a47f9e7ac66f085b00ccc48fdcd3cda5df8,1286193,available,curriculum,false
JP_JAPAO_HIGH,Japão,japao_high-school-curriculum-guidelines_2022.pdf,japao/japao_high-school-curriculum-guidelines_2022.pdf,b054afebb627f89159aad4ab471abed9313e5fdd9c18645ef13bc972d6bef9cb,8411726,available,curriculum,false
JP_JAPAO_HIGH,Japão,japao_high-school-information-commentary_2022.pdf,japao/japao_high-school-information-commentary_2022.pdf,0a95db55b9ec0570ac4b47586d9f6342c82a0ec5e7c0b071111208ae6e09d443,3710588,available,document,false
NZ_NOVA-ZELAN,Nova Zelândia,nova-zelandia_dt-implementation-support-tool_2020.pdf,nova-zelandia/nova-zelandia_dt-implementation-support-tool_2020.pdf,51b3e4c3ba2eebf622d9aea67de986e0c4aa994dcdd654f4e260c4649bb3dca9,4781184,available,document,false
NZ_NOVA-ZELAN,Nova Zelândia,nova-zelandia_now-underway-dt-implementation_2020.pdf,nova-zelandia/nova-zelandia_now-underway-dt-implementation_2020.pdf,b62fd17b520182ff808006053fa3a5fc9b1f05b7e09a44f9026dc34b076c8942,1124196,available,document,false
PISA_53F23881-E,PISA_OECD_REFERENCE,53f23881-en.pdf,pisa/53f23881-en.pdf,84bb19ca15ba075b780bc0b37498510a5a53e2028bc8fbda19586ac88d21a025,24433470,available,document,false
KE_QUENIA_BAS,Quênia,quenia_basic-education-curriculum-framework_2017.pdf,quenia/quenia_basic-education-curriculum-framework_2017.pdf,75d8742bc3bcb55cc6f7cd8c80f28e7f977d51ee8e9aac7460b774c8850af843,3013826,available,curriculum,true
KE_QUENIA_STA,Quênia,quenia_standards-digital-content-course-materials_cbc_2018.pdf,quenia/quenia_standards-digital-content-course-materials_cbc_2018.pdf,befb10504bd0440b7dd47bee029bc1ac296b49681d8a4da6549a4893ed784d84,520817,available,digital_education,false
UK_REINO-UNID,Reino Unido,reino-unido_computing-curriculum_ks1-ks2_2014.pdf,reino-unido/reino-unido_computing-curriculum_ks1-ks2_2014.pdf,bd55b0672a3619124db463960e240afa2e604221f12220062a24fbf31386a9f1,111202,available,curriculum,false
UK_REINO-UNID,Reino Unido,reino-unido_computing-curriculum_ks3-ks4_2014.pdf,reino-unido/reino-unido_computing-curriculum_ks3-ks4_2014.pdf,83f2c295562bc324832d36864e6134775daa085e5e0884796c46c32d3eaa0f2f,115864,available,curriculum,false
RW_RUANDA_ICT,Ruanda,ruanda_ict-syllabus.pdf,ruanda/ruanda_ict-syllabus.pdf,1ab9e309d4b00ec74d064f283652df53c9067db89299e7d89925866f62b7b69a,793144,available,document,false
SG_7155_Y25_S,Singapura,7155_y25_sy.pdf,singapura/7155_y25_sy.pdf,907bb19617c96f51b8ecbeb35c7e629037fa2d306bbc31ffc39a6d492d940f71,243033,available,document,false
SG_DENITRADU_,Singapura,denitradu_olevelcomputingteach.pdf,singapura/denitradu_olevelcomputingteach.pdf,98b374f829309a69b29d648147909db03e05694ad72e2312e375bc7c5d31147a,161673,available,document,false
SG_ETHOS DA P,Singapura,ethos da profissão de ensino_singapura.pdf,singapura/ethos da profissão de ensino_singapura.pdf,982c455dc61794f19ce60b1736b1069643e05737a7113a37a81495a1e7781b41,59813,available,document,false
SG_FRAMEWORK ,Singapura,framework and guidelines _ moe - nurturing early learners portal_singapura rever.pdf,singapura/framework and guidelines _ moe - nurturing early learners portal_singapura rever.pdf,f37beb7ec8fc9727e8330f765724aa1f7f0a5f667a9a3e7e503c71782171c6cb,3094432,available,document,false
SG_INTELIGÊNC,Singapura,inteligência artificial na educação _ moe_singapura.pdf,singapura/inteligência artificial na educação _ moe_singapura.pdf,764e426ab4f32e59c5efa0dc7ad43483c64dab9f68ba3af757aadd0defbbf936,603580,available,document,false
SG_MEXT_ VISÃ,Singapura,mext_ visão geral_.pdf,singapura/mext_ visão geral_.pdf,eb499ef9dcab87b31e897f877c6e28e1083c18064ddc834e1d8b3f52585b01fd,98200,available,document,false
SG_MOEICT GUI,Singapura,moeict guidelines_final_edited_singapura.pdf,singapura/moeict guidelines_final_edited_singapura.pdf,65e3ffbbd3c08d2a484355a2cbf239a2ca218f298530b12b7306fd640ab85066,3462099,available,document,false
SG_MOEICT GUI,Singapura,moeict guidelines_final_edited_tecnologia_singapura.pdf,singapura/moeict guidelines_final_edited_tecnologia_singapura.pdf,65e3ffbbd3c08d2a484355a2cbf239a2ca218f298530b12b7306fd640ab85066,3462099,available,digital_education,false
SG_NEL FRAMEW,Singapura,nel framework 2022_v2_curriculo_singapura_2022.pdf,singapura/nel framework 2022_v2_curriculo_singapura_2022.pdf,cb1aba299df12b5192ab4e47df10cfcdc597e29a215b638d6f5754d6f33e9327,1556975,available,curriculum,false
SG_NEL FRAMEW,Singapura,nel framework 2022_v2_singapura.pdf,singapura/nel framework 2022_v2_singapura.pdf,cb1aba299df12b5192ab4e47df10cfcdc597e29a215b638d6f5754d6f33e9327,1556975,available,document,false
SG_O MODELO ',Singapura,o modelo 'linha dura' de educação que pôs um pequeno país asiático no topo de ranking mundial - bbc news brasil_singapura.pdf,singapura/o modelo 'linha dura' de educação que pôs um pequeno país asiático no topo de ranking mundial - bbc news brasil_singapura.pdf,5f6cef1b4bfdf7e973c9552a13c78c03efb545347a0549850da64638bdcf664a,1991970,available,document,false
SG_O-LEVEL-CO,Singapura,o-level-computing-teaching-and-learning-syllabus.pdf,singapura/o-level-computing-teaching-and-learning-syllabus.pdf,fa06ac674b05f859e7f844b0425de189810cb5d5ec77eeb4e37ab1d69b160a1a,1042423,available,document,false
SG_PDPC _ SIN,Singapura,pdpc _ singapore’s approach to ai governance_singapura.pdf,singapura/pdpc _ singapore’s approach to ai governance_singapura.pdf,6f0d573667aed134c4f45ab199938d55272addf3ea27a350569e16d8e4826ff0,559331,available,document,true
SG_SGMODELAIG,Singapura,sgmodelaigovframework2_singapura.pdf,singapura/sgmodelaigovframework2_singapura.pdf,f2d199c826207a259c1c67b8379c0e2b0028fecf142129df9bf16447abcfb2d4,1543277,available,document,true
SG_SINGAPURA_,Singapura,singapura_e_brasil_diretrizes_de_computação.pdf,singapura/singapura_e_brasil_diretrizes_de_computação.pdf,52b7282792c342f1c859470eb31323aee50d0580c28c728e56e247d323522323,11956889,available,document,false
SG_SINGAPURA_,Singapura,singapura_g3-computing-syllabus_2024.pdf,singapura/singapura_g3-computing-syllabus_2024.pdf,42b3660a01d8a61460d1f25f51c9db23b16bae7139cb69729734e2952134f0b5,794379,available,document,false
SG_SINGAPURA_,Singapura,singapura_h2-computing-syllabus.pdf,singapura/singapura_h2-computing-syllabus.pdf,33170e8cba6ac0981c589f3bdb16438d7bc7214e92eebd998155f0b1653fee86,559470,available,document,false
SG_SINGAPURA_,Singapura,singapura_o-level-computing-syllabus_2021.pdf,singapura/singapura_o-level-computing-syllabus_2021.pdf,8b0bb1ae87084227ba8b0c06ad8099ef9648326b506426ef0619006524280140,775121,available,document,false
CH_EN33_PER_E,Suíça,"en33_per_education numerique_suíça francófona — plan d’études romand, éducation numérique.pdf","suica/en33_per_education numerique_suíça francófona — plan d’études romand, éducation numérique.pdf",0cfed0cbe63925b39e05d85221ce80a31ab4a70f24031b22bfda95ea8d8b97c7,1796988,available,document,true
CH_TECNOLOGIE,Suíça,"tecnologie-e-media-modello-di-competenza_cantão do ticino — piano di studio, tecnologie e media.pdf","suica/tecnologie-e-media-modello-di-competenza_cantão do ticino — piano di studio, tecnologie e media.pdf",98bd2d730679daba59d8a23b207131c7df2ef09cfd007bb4f22a94fb5f5bf202,738558,available,competence_framework,false
CH_ZH_DE_MODU,Suíça,"zh_de_modul_mi_suíça alemã — lehrplan 21, medien und informatik.pdf","suica/zh_de_modul_mi_suíça alemã — lehrplan 21, medien und informatik.pdf",bb269d4129774b30639fa280c62ca7c59554f8dab3d6c7d948d30f798c8ff6cc,3770685,available,document,false
TW_TAIWAN_TEC,Taiwan,taiwan_technology-domain-information-technology_2019.pdf,taiwan/taiwan_technology-domain-information-technology_2019.pdf,a346fa6c78d57bd2860b657b1cce96309c7939b6e5d9d6946d5cba344d55cc04,1204887,available,document,false
UN_234132PORE,UNESCO_REFERENCE,234132poreducação técnica.pdf,Unesco/234132poreducação técnica.pdf,d325e8ff44b7b130410923d64065155fe7d1af4a6ff119c195c4009ebb2cf98d,2000863,available,document,true
UN_244826PORE,UNESCO_REFERENCE,244826poreducação para a cidadania global2015.pdf,Unesco/244826poreducação para a cidadania global2015.pdf,c23837566bbc6a45aa065b19300f0695a96f74b8a3e9993d45b35fda5eac2b2f,716523,available,document,true
UN_371391PORU,UNESCO_REFERENCE,371391porum guia para formuladores de políticas.pdf,Unesco/371391porum guia para formuladores de políticas.pdf,5abb18928c4a6d2e90ef63f4848757c9702846849ab3c7c2e6064148aaf631be,682796,available,policy,true
UN_374309ENG.,UNESCO_REFERENCE,374309eng.pdf,Unesco/374309eng.pdf,89248690aea74ce2042c5741f03e9e040475d414bc866c240f7c50e49c915971,11159669,available,document,true
UN_375503PORU,UNESCO_REFERENCE,375503porum guia para professores da educação secundária.pdf,Unesco/375503porum guia para professores da educação secundária.pdf,2831f11e109ab1e85c6e0e5624e41ccb414aa1efa5cc4dfa6f273b4390ae6baf,2526123,available,document,true
UN_381115POR_,UNESCO_REFERENCE,381115por_unesco reimaginando a educação futuro_2021.pdf,Unesco/381115por_unesco reimaginando a educação futuro_2021.pdf,faa5f14818a5cca73d2f78990fd8ed55298ff870c42dd01f7c28eedafc3a4848,1082172,available,document,true
UY_URUGUAI_EN,Uruguai,uruguai_en-el-camino-del-plan-ceibal_2009.pdf,uruguai/uruguai_en-el-camino-del-plan-ceibal_2009.pdf,ae4d003ba4ca1ab5553e7b0a063611ae63e5445532c3f3c99ec4909c638108c8,4949539,available,document,false
UY_URUGUAI_PL,Uruguai,uruguai_plan-ceibal-in-uruguay.pdf,uruguai/uruguai_plan-ceibal-in-uruguay.pdf,1095d5e35de62c845a212d43cf0ae381752f13e73d9be22950272e6868dd2b76,11187368,available,document,false
UY_URUGUAI_TE,Uruguai,uruguai_tecnologias-digitales_2023.pdf,uruguai/uruguai_tecnologias-digitales_2023.pdf,b547b16a130399386e0d3b926abcdfc05e39eac2652afe09b2ea1af4d277bd8a,614465,available,digital_education,false
