country,country_code,file,document_id,role,registry_status,reconciliation_decision,reason,eligible_extension,source_path
africa-do-sul,ZA,africa-do-sul_caps_computer-applications-technology_grades-10-12.pdf,AF-ZA-01,primary,validated,validated,declared_in_registry,yes,corpus/africa-do-sul/africa-do-sul_caps_computer-applications-technology_grades-10-12.pdf
africa-do-sul,ZA,africa-do-sul_caps_information-technology_grades-10-12.pdf,AF-ZA-02,primary,validated,validated,declared_in_registry,yes,corpus/africa-do-sul/africa-do-sul_caps_information-technology_grades-10-12.pdf
australia,AU,australia_digital-technologies-v9_sequence-achievement_2022.pdf,OC-AU-01,primary,validated,validated,declared_in_registry,yes,corpus/australia/australia_digital-technologies-v9_sequence-achievement_2022.pdf
australia,AU,australia_digital-technologies-v9_sequence-content_2022.pdf,OC-AU-02,complementary,validated,validated,declared_in_registry,yes,corpus/australia/australia_digital-technologies-v9_sequence-content_2022.pdf
brasil,BR,brasil_bncc-computacao_anexo-parecer-cneceb-2_2022.pdf,BR_001,primary,pending_review,pending_review,declared_in_registry,yes,corpus/brasil/brasil_bncc-computacao_anexo-parecer-cneceb-2_2022.pdf
brasil,BR,brasil_bncc-computacao_complemento-bncc_2022.pdf,BR_002,primary,pending_review,pending_review,declared_in_registry,yes,corpus/brasil/brasil_bncc-computacao_complemento-bncc_2022.pdf
brasil,BR,brasil_bncc_educacao-basica_completa_2018.pdf,BR_003,primary,pending_review,pending_review,declared_in_registry,yes,corpus/brasil/brasil_bncc_educacao-basica_completa_2018.pdf
brasil,BR,brasil_bncc_educacao-infantil-ensino-fundamental_2018.pdf,BR_004,primary,pending_review,pending_review,declared_in_registry,yes,corpus/brasil/brasil_bncc_educacao-infantil-ensino-fundamental_2018.pdf
brasil,BR,brasil_cieb-itinerario-formativo-tecnologia-computacao_2021.pdf,BR_005,primary,pending_review,pending_review,declared_in_registry,yes,corpus/brasil/brasil_cieb-itinerario-formativo-tecnologia-computacao_2021.pdf
brasil,BR,brasil_curriculo-referencia-tecnologia-computacao-cieb_2018.pdf,BR_006,primary,pending_review,pending_review,declared_in_registry,yes,corpus/brasil/brasil_curriculo-referencia-tecnologia-computacao-cieb_2018.pdf
brasil,BR,brasil_guia-complemento-computacao-bncc_2023.pdf,BR_007,primary,pending_review,pending_review,declared_in_registry,yes,corpus/brasil/brasil_guia-complemento-computacao-bncc_2023.pdf
brasil,BR,brasil_guia-educacao-digital-midiatica_2025.pdf,BR_008,primary,pending_review,pending_review,declared_in_registry,yes,corpus/brasil/brasil_guia-educacao-digital-midiatica_2025.pdf
brasil,BR,brasil_ldb-lei-9394_compilada_1996-atualizada.pdf,BR_009,complementary,pending_review,pending_review,declared_in_registry,yes,corpus/brasil/brasil_ldb-lei-9394_compilada_1996-atualizada.pdf
brasil,BR,brasil_matriz-saberes-digitais-docentes_2024.pdf,BR_010,complementary,pending_review,pending_review,declared_in_registry,yes,corpus/brasil/brasil_matriz-saberes-digitais-docentes_2024.pdf
brasil,BR,brasil_nota-tecnica-cieb-27_competencias-digitais-professores_2025.pdf,BR_011,complementary,pending_review,pending_review,declared_in_registry,yes,corpus/brasil/brasil_nota-tecnica-cieb-27_competencias-digitais-professores_2025.pdf
brasil,BR,brasil_parecer-cne-ceb-2_bncc-computacao_2022.pdf,BR_012,primary,pending_review,pending_review,declared_in_registry,yes,corpus/brasil/brasil_parecer-cne-ceb-2_bncc-computacao_2022.pdf
brasil,BR,brasil_parecer-cne-cp-15_bncc_2017.pdf,BR_013,primary,pending_review,pending_review,declared_in_registry,yes,corpus/brasil/brasil_parecer-cne-cp-15_bncc_2017.pdf
brasil,BR,brasil_parecer-cne-cp-7_bncc_2022.pdf,BR_014,primary,pending_review,pending_review,declared_in_registry,yes,corpus/brasil/brasil_parecer-cne-cp-7_bncc_2022.pdf
brasil,BR,brasil_politica-nacional-educacao-digital-lei-14533_2023.pdf,BR_015,primary,pending_review,pending_review,declared_in_registry,yes,corpus/brasil/brasil_politica-nacional-educacao-digital-lei-14533_2023.pdf
brasil,BR,brasil_referencial-saberes-digitais-docentes_2024.pdf,BR_016,complementary,pending_review,pending_review,declared_in_registry,yes,corpus/brasil/brasil_referencial-saberes-digitais-docentes_2024.pdf
brasil,BR,brasil_resolucao-cne-ceb-1_bncc-computacao_2022.pdf,BR_017,primary,pending_review,pending_review,declared_in_registry,yes,corpus/brasil/brasil_resolucao-cne-ceb-1_bncc-computacao_2022.pdf
brasil,BR,brasil_resolucao-cne-ceb-2_diretrizes-dispositivos-digitais-educacao-digital-midiatica_2025.pdf,BR_018,primary,pending_review,pending_review,declared_in_registry,yes,corpus/brasil/brasil_resolucao-cne-ceb-2_diretrizes-dispositivos-digitais-educacao-digital-midiatica_2025.pdf
brasil,BR,brasil_resolucao-cne-cp-2_bncc_2017.pdf,BR_019,primary,pending_review,pending_review,declared_in_registry,yes,corpus/brasil/brasil_resolucao-cne-cp-2_bncc_2017.pdf
brasil,BR,brasil_restricao-celulares-escolas-lei-15010_2025.pdf,BR_020,complementary,pending_review,pending_review,declared_in_registry,yes,corpus/brasil/brasil_restricao-celulares-escolas-lei-15010_2025.pdf
canada,CA,canada_alberta_draft-k6-science-update_2022.pdf,CA_001,complementary,pending_review,pending_review,declared_in_registry,yes,corpus/canada/canada_alberta_draft-k6-science-update_2022.pdf
canada,CA,canada_alberta_k6-science-curriculum-computer-science_2023.pdf,CA_002,primary,pending_review,pending_review,declared_in_registry,yes,corpus/canada/canada_alberta_k6-science-curriculum-computer-science_2023.pdf
canada,CA,canada_ontario_digital-action-plan.pdf,CA_003,primary,pending_review,pending_review,declared_in_registry,yes,corpus/canada/canada_ontario_digital-action-plan.pdf
canada,CA,canada_ontario_ministry-education-published-plan_2023-2024.html,CA_004,complementary,pending_review,pending_review,declared_in_registry,yes,corpus/canada/canada_ontario_ministry-education-published-plan_2023-2024.html
chile,CL,articles-140146_programa_feb_2021_final_s_disegno.pdf,CL_001,primary,pending_review,pending_review,declared_in_registry,yes,corpus/chile/articles-140146_programa_feb_2021_final_s_disegno.pdf
chile,CL,articles-37136_bases.pdf,CL_002,primary,pending_review,pending_review,declared_in_registry,yes,corpus/chile/articles-37136_bases.pdf
chile,CL,articles-91414_bases.pdf,CL_003,primary,pending_review,pending_review,declared_in_registry,yes,corpus/chile/articles-91414_bases.pdf
chile,CL,ds_po_3_2025_tiskarna-66-82.pdf,CL_004,complementary,pending_review,pending_review,declared_in_registry,yes,corpus/chile/ds_po_3_2025_tiskarna-66-82.pdf
chile,CL,recurso_2_rota do pensamento computacional.pdf,CL_005,complementary,pending_review,pending_review,declared_in_registry,yes,corpus/chile/recurso_2_rota do pensamento computacional.pdf
china,CN,china_compulsory_education_curriculum_plan_2022.pdf,AS-CN-02,complementary,pending_review,pending_review,declared_in_registry,yes,corpus/china/china_compulsory_education_curriculum_plan_2022.pdf
china,CN,china_information_technology_curriculum_standard_2022.pdf,AS-CN-01,primary,pending_review,pending_review,declared_in_registry,yes,corpus/china/china_information_technology_curriculum_standard_2022.pdf
coreia-do-sul,KR,coreia-do-sul_keris-white-paper-software-education_2018.pdf,KR_001,complementary,pending_review,pending_review,declared_in_registry,yes,corpus/coreia-do-sul/coreia-do-sul_keris-white-paper-software-education_2018.pdf
estonia,EE,estonia_informatics_appendix_10_2023.pdf,EU-EE-02,primary,validated,validated,declared_in_registry,yes,corpus/estonia/estonia_informatics_appendix_10_2023.pdf
estonia,EE,estonia_national_curriculum_basic_schools_2026.pdf,EU-EE-01,primary,validated,validated,declared_in_registry,yes,corpus/estonia/estonia_national_curriculum_basic_schools_2026.pdf
eua,US,eua_k12-computer-science-framework_2016.pdf,US_001,primary,pending_review,pending_review,declared_in_registry,yes,corpus/eua/eua_k12-computer-science-framework_2016.pdf
finlandia,FI,finlandia_new-national-core-curriculum-basic-education_2016.pdf,FI_001,primary,pending_review,pending_review,declared_in_registry,yes,corpus/finlandia/finlandia_new-national-core-curriculum-basic-education_2016.pdf
gana,GH,gana_computing-common-core-programme-curriculum_2023.pdf,GH_001,primary,pending_review,pending_review,declared_in_registry,yes,corpus/gana/gana_computing-common-core-programme-curriculum_2023.pdf
gana,GH,gana_computing-primary-b4-b6_2019.pdf,GH_002,primary,pending_review,pending_review,declared_in_registry,yes,corpus/gana/gana_computing-primary-b4-b6_2019.pdf
hong-kong,HK,hong-kong_general-studies-curriculum-guide_coding-stem_2017.pdf,HK_001,primary,pending_review,pending_review,declared_in_registry,yes,corpus/hong-kong/hong-kong_general-studies-curriculum-guide_coding-stem_2017.pdf
hong-kong,HK,hong-kong_ict-curriculum-and-assessment-guide_2017.pdf,HK_002,primary,pending_review,pending_review,declared_in_registry,yes,corpus/hong-kong/hong-kong_ict-curriculum-and-assessment-guide_2017.pdf
irlanda,IE,irlanda_computer-science-curriculum-specification_2018.pdf,IE_001,primary,pending_review,pending_review,declared_in_registry,yes,corpus/irlanda/irlanda_computer-science-curriculum-specification_2018.pdf
japao,JP,japao_high-school-curriculum-guidelines_2022.pdf,JP_001,primary,pending_review,pending_review,declared_in_registry,yes,corpus/japao/japao_high-school-curriculum-guidelines_2022.pdf
japao,JP,japao_high-school-information-commentary_2022.pdf,JP_002,complementary,pending_review,pending_review,declared_in_registry,yes,corpus/japao/japao_high-school-information-commentary_2022.pdf
nova-zelandia,NZ,nova-zelandia_dt-implementation-support-tool_2020.pdf,NZ_001,primary,pending_review,pending_review,declared_in_registry,yes,corpus/nova-zelandia/nova-zelandia_dt-implementation-support-tool_2020.pdf
nova-zelandia,NZ,nova-zelandia_now-underway-dt-implementation_2020.pdf,NZ_002,complementary,pending_review,pending_review,declared_in_registry,yes,corpus/nova-zelandia/nova-zelandia_now-underway-dt-implementation_2020.pdf
quenia,KE,quenia_basic-education-curriculum-framework_2017.pdf,KE_001,primary,pending_review,pending_review,declared_in_registry,yes,corpus/quenia/quenia_basic-education-curriculum-framework_2017.pdf
quenia,KE,quenia_standards-digital-content-course-materials_cbc_2018.pdf,KE_002,complementary,pending_review,pending_review,declared_in_registry,yes,corpus/quenia/quenia_standards-digital-content-course-materials_cbc_2018.pdf
reino-unido,GB,reino-unido_computing-curriculum_ks1-ks2_2014.pdf,UK_001,primary,pending_review,pending_review,declared_in_registry,yes,corpus/reino-unido/reino-unido_computing-curriculum_ks1-ks2_2014.pdf
reino-unido,GB,reino-unido_computing-curriculum_ks3-ks4_2014.pdf,UK_002,primary,pending_review,pending_review,declared_in_registry,yes,corpus/reino-unido/reino-unido_computing-curriculum_ks3-ks4_2014.pdf
ruanda,RW,ruanda_ict-syllabus.pdf,RW_001,primary,pending_review,pending_review,declared_in_registry,yes,corpus/ruanda/ruanda_ict-syllabus.pdf
singapura,SG,7155_y25_sy.pdf,SG_001,primary,pending_review,pending_review,declared_in_registry,yes,corpus/singapura/7155_y25_sy.pdf
singapura,SG,denitradu_olevelcomputingteach.pdf,SG_002,complementary,pending_review,pending_review,declared_in_registry,yes,corpus/singapura/denitradu_olevelcomputingteach.pdf
singapura,SG,ethos da profissão de ensino_singapura.pdf,SG_003,complementary,pending_review,pending_review,declared_in_registry,yes,corpus/singapura/ethos da profissão de ensino_singapura.pdf
singapura,SG,framework and guidelines _ moe - nurturing early learners portal_singapura rever.pdf,SG_004,complementary,pending_review,pending_review,declared_in_registry,yes,corpus/singapura/framework and guidelines _ moe - nurturing early learners portal_singapura rever.pdf
singapura,SG,inteligência artificial na educação _ moe_singapura.pdf,SG_005,complementary,pending_review,pending_review,declared_in_registry,yes,corpus/singapura/inteligência artificial na educação _ moe_singapura.pdf
singapura,SG,mext_ visão geral_.pdf,SG_006,complementary,pending_review,pending_review,declared_in_registry,yes,corpus/singapura/mext_ visão geral_.pdf
singapura,SG,moeict guidelines_final_edited_singapura.pdf,SG_007,primary,pending_review,pending_review,declared_in_registry,yes,corpus/singapura/moeict guidelines_final_edited_singapura.pdf
singapura,SG,moeict guidelines_final_edited_tecnologia_singapura.pdf,SG_008,primary,pending_review,pending_review,declared_in_registry,yes,corpus/singapura/moeict guidelines_final_edited_tecnologia_singapura.pdf
singapura,SG,nel framework 2022_v2_curriculo_singapura_2022.pdf,SG_009,primary,pending_review,pending_review,declared_in_registry,yes,corpus/singapura/nel framework 2022_v2_curriculo_singapura_2022.pdf
singapura,SG,nel framework 2022_v2_singapura.pdf,SG_010,complementary,pending_review,pending_review,declared_in_registry,yes,corpus/singapura/nel framework 2022_v2_singapura.pdf
singapura,SG,o modelo 'linha dura' de educação que pôs um pequeno país asiático no topo de ranking mundial - bbc news brasil_singapura.pdf,SG_011,complementary,pending_review,pending_review,declared_in_registry,yes,corpus/singapura/o modelo 'linha dura' de educação que pôs um pequeno país asiático no topo de ranking mundial - bbc news brasil_singapura.pdf
singapura,SG,o-level-computing-teaching-and-learning-syllabus.pdf,SG_012,primary,pending_review,pending_review,declared_in_registry,yes,corpus/singapura/o-level-computing-teaching-and-learning-syllabus.pdf
singapura,SG,pdpc _ singapore’s approach to ai governance_singapura.pdf,SG_013,complementary,pending_review,pending_review,declared_in_registry,yes,corpus/singapura/pdpc _ singapore’s approach to ai governance_singapura.pdf
singapura,SG,sgmodelaigovframework2_singapura.pdf,SG_014,complementary,pending_review,pending_review,declared_in_registry,yes,corpus/singapura/sgmodelaigovframework2_singapura.pdf
singapura,SG,singapura_e_brasil_diretrizes_de_computação.pdf,SG_015,complementary,pending_review,pending_review,declared_in_registry,yes,corpus/singapura/singapura_e_brasil_diretrizes_de_computação.pdf
singapura,SG,singapura_g3-computing-syllabus_2024.pdf,SG_016,primary,pending_review,pending_review,declared_in_registry,yes,corpus/singapura/singapura_g3-computing-syllabus_2024.pdf
singapura,SG,singapura_h2-computing-syllabus.pdf,SG_017,primary,pending_review,pending_review,declared_in_registry,yes,corpus/singapura/singapura_h2-computing-syllabus.pdf
singapura,SG,singapura_o-level-computing-syllabus_2021.pdf,SG_018,primary,pending_review,pending_review,declared_in_registry,yes,corpus/singapura/singapura_o-level-computing-syllabus_2021.pdf
suica,CH,"en33_per_education numerique_suíça francófona — plan d’études romand, éducation numérique.pdf",CH_001,primary,pending_review,pending_review,declared_in_registry,yes,"corpus/suica/en33_per_education numerique_suíça francófona — plan d’études romand, éducation numérique.pdf"
suica,CH,"tecnologie-e-media-modello-di-competenza_cantão do ticino — piano di studio, tecnologie e media.pdf",CH_002,complementary,pending_review,pending_review,declared_in_registry,yes,"corpus/suica/tecnologie-e-media-modello-di-competenza_cantão do ticino — piano di studio, tecnologie e media.pdf"
suica,CH,"zh_de_modul_mi_suíça alemã — lehrplan 21, medien und informatik.pdf",CH_003,complementary,pending_review,pending_review,declared_in_registry,yes,"corpus/suica/zh_de_modul_mi_suíça alemã — lehrplan 21, medien und informatik.pdf"
taiwan,TW,taiwan_technology-domain-information-technology_2019.pdf,TW_001,primary,pending_review,pending_review,declared_in_registry,yes,corpus/taiwan/taiwan_technology-domain-information-technology_2019.pdf
uruguai,UY,uruguai_en-el-camino-del-plan-ceibal_2009.pdf,UY_001,complementary,pending_review,pending_review,declared_in_registry,yes,corpus/uruguai/uruguai_en-el-camino-del-plan-ceibal_2009.pdf
uruguai,UY,uruguai_plan-ceibal-in-uruguay.pdf,UY_002,complementary,pending_review,pending_review,declared_in_registry,yes,corpus/uruguai/uruguai_plan-ceibal-in-uruguay.pdf
uruguai,UY,uruguai_tecnologias-digitales_2023.pdf,UY_003,primary,pending_review,pending_review,declared_in_registry,yes,corpus/uruguai/uruguai_tecnologias-digitales_2023.pdf
